,geometry,class,confidence,tile_id,original_yolo,normalized,bbox_coords,x,y
552,POINT (2221922.730509138 6457673.9118309785),Truck,0.950240969657898,9,"{'x1': 504.09515380859375, 'y1': 574.89404296875, 'x2': 44.693458557128906, 'y2': 40.487308502197266}","{'x': 0.4287411212921143, 'y': 0.48076667785644533}","{'minx': 2221865.6046212674, 'miny': 6457625.835163193, 'maxx': 2221965.6046212674, 'maxy': 6457725.835163193}",2221922.730509138,6457673.9118309785
89,POINT (2221945.8206988336 6457555.2559336),Truck,0.9363414645195007,2,"{'x1': 215.83547973632812, 'y1': 207.89999389648438, 'x2': 37.39872741699219, 'y2': 40.68587112426758}","{'x': 0.1978392243385315, 'y': 0.19420770406723023}","{'minx': 2221865.6046212674, 'miny': 6457535.835163193, 'maxx': 2221965.6046212674, 'maxy': 6457635.835163193}",2221945.8206988336,6457555.2559336
984,POINT (2221779.4729758264 6457834.602028923),Truck,0.924663782119751,21,"{'x1': 38.81136703491211, 'y1': 332.3552551269531, 'x2': 39.67369079589844, 'y2': 35.860626220703125}","{'x': 0.06131645441055298, 'y': 0.28766865730285646}","{'minx': 2221685.6046212674, 'miny': 6457805.835163193, 'maxx': 2221785.6046212674, 'maxy': 6457905.835163193}",2221779.4729758264,6457834.602028923
532,POINT (2221915.484463072 6457668.767616348),Truck,0.9235861301422119,9,"{'x1': 599.3499755859375, 'y1': 507.97833251953125, 'x2': 42.18805694580078, 'y2': 41.55707550048828}","{'x': 0.501201581954956, 'y': 0.4293245315551758}","{'minx': 2221865.6046212674, 'miny': 6457625.835163193, 'maxx': 2221965.6046212674, 'maxy': 6457725.835163193}",2221915.484463072,6457668.767616348
68,POINT (2221921.4342511655 6457540.599293308),Truck,0.9201728701591492,2,"{'x1': 524.806640625, 'y1': 26.699684143066406, 'x2': 40.574066162109375, 'y2': 34.28118133544922}","{'x': 0.44170370101928713, 'y': 0.04764130115509033}","{'minx': 2221865.6046212674, 'miny': 6457535.835163193, 'maxx': 2221965.6046212674, 'maxy': 6457635.835163193}",2221921.4342511655,6457540.599293308
419,POINT (2221734.8923076154 6457651.431560116),Truck,0.9183668494224548,7,"{'x1': 620.0662231445312, 'y1': 281.8052978515625, 'x2': 29.0513858795166, 'y2': 45.828582763671875}","{'x': 0.5071231365203858, 'y': 0.25596396923065184}","{'minx': 2221685.6046212674, 'miny': 6457625.835163193, 'maxx': 2221785.6046212674, 'maxy': 6457725.835163193}",2221734.8923076154,6457651.431560116
1271,POINT (2222108.6508787633 6457857.237288551),Truck,0.9176814556121826,25,"{'x1': 438.9658203125, 'y1': 621.9396362304688, 'x2': 34.042083740234375, 'y2': 36.007545471191406}","{'x': 0.36953742504119874, 'y': 0.5140212535858154}","{'minx': 2222045.6046212674, 'miny': 6457805.835163193, 'maxx': 2222145.6046212674, 'maxy': 6457905.835163193}",2222108.6508787633,6457857.237288551
650,POINT (2222038.301287985 6457663.269905644),Truck,0.9176217317581177,10,"{'x1': 182.11277770996094, 'y1': 441.9645690917969, 'x2': 39.36988830566406, 'y2': 37.20012664794922}","{'x': 0.17303333282470704, 'y': 0.3743474245071411}","{'minx': 2221955.6046212674, 'miny': 6457625.835163193, 'maxx': 2222055.6046212674, 'maxy': 6457725.835163193}",2222038.301287985,6457663.269905644
619,POINT (2222050.447764492 6457668.690025406),Truck,0.9128917455673218,10,"{'x1': 23.73621368408203, 'y1': 507.73101806640625, 'x2': 42.27155303955078, 'y2': 40.81121826171875}","{'x': 0.051568567752838135, 'y': 0.42854862213134765}","{'minx': 2221955.6046212674, 'miny': 6457625.835163193, 'maxx': 2222055.6046212674, 'maxy': 6457725.835163193}",2222050.447764492,6457668.690025406
1308,POINT (2221830.4424537183 6457924.999296265),Truck,0.9037402868270874,29,"{'x1': 556.3682250976562, 'y1': 325.51190185546875, 'x2': 21.707496643066406, 'y2': 47.78898620605469}","{'x': 0.45162167549133303, 'y': 0.2916413307189941}","{'minx': 2221775.6046212674, 'miny': 6457895.835163193, 'maxx': 2221875.6046212674, 'maxy': 6457995.835163193}",2221830.4424537183,6457924.999296265
63,POINT (2221960.503108597 6457564.021458225),Truck,0.9037319421768188,2,"{'x1': 26.27724838256836, 'y1': 338.9312438964844, 'x2': 39.02210998535156, 'y2': 21.853334426879883}","{'x': 0.05101512670516968, 'y': 0.2818629503250122}","{'minx': 2221865.6046212674, 'miny': 6457535.835163193, 'maxx': 2221965.6046212674, 'maxy': 6457635.835163193}",2221960.503108597,6457564.021458225
373,POINT (2221780.3330946923 6457646.461808281),Truck,0.9018831253051758,7,"{'x1': 44.23943328857422, 'y1': 215.32777404785156, 'x2': 23.236103057861328, 'y2': 48.69329071044922}","{'x': 0.05271526575088501, 'y': 0.206266450881958}","{'minx': 2221685.6046212674, 'miny': 6457625.835163193, 'maxx': 2221785.6046212674, 'maxy': 6457725.835163193}",2221780.3330946923,6457646.461808281
1321,POINT (2221829.9798120023 6457934.972810345),Truck,0.8995530605316162,29,"{'x1': 562.1121215820312, 'y1': 454.38568115234375, 'x2': 21.885456085205078, 'y2': 46.576210021972656}","{'x': 0.4562480926513672, 'y': 0.3913764715194702}","{'minx': 2221775.6046212674, 'miny': 6457895.835163193, 'maxx': 2221875.6046212674, 'maxy': 6457995.835163193}",2221829.9798120023,6457934.972810345
87,POINT (2221932.401324606 6457552.141035395),Truck,0.8987299203872681,2,"{'x1': 380.23712158203125, 'y1': 167.58151245117188, 'x2': 44.76506042480469, 'y2': 41.13364791870117}","{'x': 0.3320329666137695, 'y': 0.16305872201919555}","{'minx': 2221865.6046212674, 'miny': 6457535.835163193, 'maxx': 2221965.6046212674, 'maxy': 6457635.835163193}",2221932.401324606,6457552.141035395
398,POINT (2221744.9484361173 6457656.30970438),Truck,0.8981599807739258,7,"{'x1': 491.5677185058594, 'y1': 342.92987060546875, 'x2': 28.831470489501953, 'y2': 47.14424514770508}","{'x': 0.40656185150146484, 'y': 0.30474541187286375}","{'minx': 2221685.6046212674, 'miny': 6457625.835163193, 'maxx': 2221785.6046212674, 'maxy': 6457725.835163193}",2221744.9484361173,6457656.30970438
1197,POINT (2221960.439843631 6457825.379439192),Truck,0.8967477083206177,23,"{'x1': 42.5256233215332, 'y1': 200.69711303710938, 'x2': 23.583532333374023, 'y2': 49.46962356567383}","{'x': 0.05164777636528015, 'y': 0.19544275999069213}","{'minx': 2221865.6046212674, 'miny': 6457805.835163193, 'maxx': 2221965.6046212674, 'maxy': 6457905.835163193}",2221960.439843631,6457825.379439192
1285,POINT (2221844.3559850217 6457933.639137344),Truck,0.8962519764900208,29,"{'x1': 381.0711669921875, 'y1': 445.6357727050781, 'x2': 18.911375045776367, 'y2': 38.25510025024414}","{'x': 0.3124863624572754, 'y': 0.3780397415161133}","{'minx': 2221775.6046212674, 'miny': 6457895.835163193, 'maxx': 2221875.6046212674, 'maxy': 6457995.835163193}",2221844.3559850217,6457933.639137344
7,POINT (2221825.4704726697 6457564.0779372025),Truck,0.8922901153564453,1,"{'x1': 602.202392578125, 'y1': 339.1408996582031, 'x2': 39.51472091674805, 'y2': 22.366600036621094}","{'x': 0.5013414859771729, 'y': 0.2824277400970459}","{'minx': 2221775.6046212674, 'miny': 6457535.835163193, 'maxx': 2221875.6046212674, 'maxy': 6457635.835163193}",2221825.4704726697,6457564.0779372025
757,POINT (2222289.1834343434 6457653.152994709),Truck,0.8922034502029419,13,"{'x1': 440.16119384765625, 'y1': 300.4522705078125, 'x2': 26.030012130737305, 'y2': 49.215972900390625}","{'x': 0.36421186923980714, 'y': 0.27317831516265867}","{'minx': 2222225.6046212674, 'miny': 6457625.835163193, 'maxx': 2222325.6046212674, 'maxy': 6457725.835163193}",2222289.1834343434,6457653.152994709
488,POINT (2221869.939524627 6457651.411213474),Truck,0.890963077545166,8,"{'x1': 44.28326416015625, 'y1': 281.9236755371094, 'x2': 28.229970932006836, 'y2': 45.44977569580078}","{'x': 0.05665096640586853, 'y': 0.2557605028152466}","{'minx': 2221775.6046212674, 'miny': 6457625.835163193, 'maxx': 2221875.6046212674, 'maxy': 6457725.835163193}",2221869.939524627,6457651.411213474
638,POINT (2222019.385732508 6457653.708698349),Truck,0.8894073367118835,10,"{'x1': 420.4129943847656, 'y1': 310.1292419433594, 'x2': 43.18877410888672, 'y2': 46.652015686035156}","{'x': 0.3621888875961304, 'y': 0.2787353515625}","{'minx': 2221955.6046212674, 'miny': 6457625.835163193, 'maxx': 2222055.6046212674, 'maxy': 6457725.835163193}",2222019.385732508,6457653.708698349
498,POINT (2221865.6030429364 6457662.578410702),Truck,0.8873372077941895,8,"{'x1': 95.53483581542969, 'y1': 420.8002624511719, 'x2': 32.48537063598633, 'y2': 49.51329803466797}","{'x': 0.10001578330993652, 'y': 0.36743247509002686}","{'minx': 2221775.6046212674, 'miny': 6457625.835163193, 'maxx': 2221875.6046212674, 'maxy': 6457725.835163193}",2221865.6030429364,6457662.578410702
338,POINT (2222226.9650841714 6457554.418785172),Truck,0.8867033123970032,5,"{'x1': 85.33362579345703, 'y1': 192.56089782714844, 'x2': 25.252452850341797, 'y2': 45.30946731567383}","{'x': 0.0863953709602356, 'y': 0.18583621978759765}","{'minx': 2222135.6046212674, 'miny': 6457535.835163193, 'maxx': 2222235.6046212674, 'maxy': 6457635.835163193}",2222226.9650841714,6457554.418785172
335,POINT (2222219.069978094 6457552.865970926),Truck,0.8844804763793945,5,"{'x1': 185.80825805664062, 'y1': 172.7410888671875, 'x2': 25.835172653198242, 'y2': 45.25325393676758}","{'x': 0.16534643173217772, 'y': 0.17030807733535766}","{'minx': 2222135.6046212674, 'miny': 6457535.835163193, 'maxx': 2222235.6046212674, 'maxy': 6457635.835163193}",2222219.069978094,6457552.865970926
783,POINT (2222308.3318985463 6457638.811060982),Truck,0.8840017318725586,13,"{'x1': 186.90382385253906, 'y1': 125.23887634277344, 'x2': 34.18702697753906, 'y2': 40.85260772705078}","{'x': 0.17272722721099854, 'y': 0.12975897789001464}","{'minx': 2222225.6046212674, 'miny': 6457625.835163193, 'maxx': 2222325.6046212674, 'maxy': 6457725.835163193}",2222308.3318985463,6457638.811060982
394,POINT (2221779.414531088 6457654.231907921),Truck,0.8837478160858154,7,"{'x1': 53.56596374511719, 'y1': 315.0378112792969, 'x2': 25.667192459106445, 'y2': 48.440513610839844}","{'x': 0.061900901794433597, 'y': 0.2839674472808838}","{'minx': 2221685.6046212674, 'miny': 6457625.835163193, 'maxx': 2221785.6046212674, 'maxy': 6457725.835163193}",2221779.414531088,6457654.231907921
1031,POINT (2221772.419213152 6457842.402877407),Truck,0.8805984258651733,21,"{'x1': 128.72251892089844, 'y1': 419.33624267578125, 'x2': 40.05070877075195, 'y2': 48.73050308227539}","{'x': 0.13185408115386962, 'y': 0.36567714214324953}","{'minx': 2221685.6046212674, 'miny': 6457805.835163193, 'maxx': 2221785.6046212674, 'maxy': 6457905.835163193}",2221772.419213152,6457842.402877407
642,POINT (2222032.4516952992 6457655.301305847),Truck,0.8799328804016113,10,"{'x1': 257.6838684082031, 'y1': 341.5335998535156, 'x2': 38.67359161376953, 'y2': 35.63302993774414}","{'x': 0.23152925968170165, 'y': 0.2946614265441895}","{'minx': 2221955.6046212674, 'miny': 6457625.835163193, 'maxx': 2222055.6046212674, 'maxy': 6457725.835163193}",2222032.4516952992,6457655.301305847
1201,POINT (2221960.6954015256 6457830.687315064),Truck,0.8798384666442871,23,"{'x1': 36.648040771484375, 'y1': 265.6353759765625, 'x2': 26.189970016479492, 'y2': 52.47217559814453}","{'x': 0.04909219741821289, 'y': 0.2485215187072754}","{'minx': 2221865.6046212674, 'miny': 6457805.835163193, 'maxx': 2221965.6046212674, 'maxy': 6457905.835163193}",2221960.6954015256,6457830.687315064
485,POINT (2221863.9365769387 6457673.951785164),Truck,0.8794477581977844,8,"{'x1': 116.24794006347656, 'y1': 567.6549072265625, 'x2': 33.103031158447266, 'y2': 48.23782730102539}","{'x': 0.11668044328689575, 'y': 0.4811662197113037}","{'minx': 2221775.6046212674, 'miny': 6457625.835163193, 'maxx': 2221875.6046212674, 'maxy': 6457725.835163193}",2221863.9365769387,6457673.951785164
139,POINT (2221952.9630042077 6457583.8657494355),Truck,0.879303514957428,2,"{'x1': 137.0679931640625, 'y1': 567.6311645507812, 'x2': 24.744699478149414, 'y2': 47.160343170166016}","{'x': 0.1264161705970764, 'y': 0.4803058624267578}","{'minx': 2221865.6046212674, 'miny': 6457535.835163193, 'maxx': 2221965.6046212674, 'maxy': 6457635.835163193}",2221952.9630042077,6457583.8657494355
1068,POINT (2221826.881433821 6457809.350124793),Truck,0.8788138628005981,22,"{'x1': 603.7738647460938, 'y1': 14.38068962097168, 'x2': 19.882919311523438, 'y2': 30.610816955566406}","{'x': 0.4872318744659424, 'y': 0.035149616003036496}","{'minx': 2221775.6046212674, 'miny': 6457805.835163193, 'maxx': 2221875.6046212674, 'maxy': 6457905.835163193}",2221826.881433821,6457809.350124793
1353,POINT (2221826.808048582 6457945.043370323),Truck,0.8786920309066772,29,"{'x1': 601.9844970703125, 'y1': 581.0650024414062, 'x2': 22.611648559570312, 'y2': 48.800052642822266}","{'x': 0.487965726852417, 'y': 0.4920820713043213}","{'minx': 2221775.6046212674, 'miny': 6457895.835163193, 'maxx': 2221875.6046212674, 'maxy': 6457995.835163193}",2221826.808048582,6457945.043370323
1114,POINT (2221830.762792921 6457835.938436585),Truck,0.8778221011161804,22,"{'x1': 539.242919921875, 'y1': 343.387939453125, 'x2': 34.73249435424805, 'y2': 41.9339599609375}","{'x': 0.44841828346252444, 'y': 0.30103273391723634}","{'minx': 2221775.6046212674, 'miny': 6457805.835163193, 'maxx': 2221875.6046212674, 'maxy': 6457905.835163193}",2221830.762792921,6457835.938436585
1102,POINT (2221825.467974043 6457825.366181927),Truck,0.8758522272109985,22,"{'x1': 618.4806518554688, 'y1': 200.40872192382812, 'x2': 23.26844596862793, 'y2': 49.588314056396484}","{'x': 0.5013664722442627, 'y': 0.19531018733978273}","{'minx': 2221775.6046212674, 'miny': 6457805.835163193, 'maxx': 2221875.6046212674, 'maxy': 6457905.835163193}",2221825.467974043,6457825.366181927
611,POINT (2222044.94459281 6457664.810885983),Truck,0.8753941655158997,10,"{'x1': 94.43782806396484, 'y1': 458.82666015625, 'x2': 42.01054382324219, 'y2': 40.062599182128906}","{'x': 0.10660028457641602, 'y': 0.38975722789764405}","{'minx': 2221955.6046212674, 'miny': 6457625.835163193, 'maxx': 2222055.6046212674, 'maxy': 6457725.835163193}",2222044.94459281,6457664.810885983
559,POINT (2221929.043024874 6457677.1621676255),Truck,0.8736664056777954,9,"{'x1': 429.266357421875, 'y1': 622.7141723632812, 'x2': 38.72206497192383, 'y2': 34.27145767211914}","{'x': 0.36561596393585205, 'y': 0.5132700443267822}","{'minx': 2221865.6046212674, 'miny': 6457625.835163193, 'maxx': 2221965.6046212674, 'maxy': 6457725.835163193}",2221929.043024874,6457677.1621676255
557,POINT (2221917.861462927 6457677.588617401),Truck,0.873064398765564,9,"{'x1': 559.2869262695312, 'y1': 619.7205810546875, 'x2': 51.82550048828125, 'y2': 42.723655700683594}","{'x': 0.477431583404541, 'y': 0.5175345420837403}","{'minx': 2221865.6046212674, 'miny': 6457625.835163193, 'maxx': 2221965.6046212674, 'maxy': 6457725.835163193}",2221917.861462927,6457677.588617401
630,POINT (2222014.773217535 6457644.670743542),Truck,0.8729792833328247,10,"{'x1': 490.14654541015625, 'y1': 196.01995849609375, 'x2': 32.49544906616211, 'y2': 45.07546615600586}","{'x': 0.40831403732299804, 'y': 0.18835580348968506}","{'minx': 2221955.6046212674, 'miny': 6457625.835163193, 'maxx': 2222055.6046212674, 'maxy': 6457725.835163193}",2222014.773217535,6457644.670743542
449,POINT (2221767.7576769353 6457652.6526304055),Truck,0.8722884654998779,7,"{'x1': 201.53660583496094, 'y1': 295.3489074707031, 'x2': 26.904285430908203, 'y2': 47.9146614074707}","{'x': 0.17846944332122802, 'y': 0.26817467212677004}","{'minx': 2221685.6046212674, 'miny': 6457625.835163193, 'maxx': 2221785.6046212674, 'maxy': 6457725.835163193}",2221767.7576769353,6457652.6526304055
400,POINT (2221735.771938658 6457656.984295445),Truck,0.8700456619262695,7,"{'x1': 610.834228515625, 'y1': 357.9404602050781, 'x2': 27.024085998535156, 'y2': 40.768436431884766}","{'x': 0.49832682609558104, 'y': 0.31149132251739503}","{'minx': 2221685.6046212674, 'miny': 6457625.835163193, 'maxx': 2221785.6046212674, 'maxy': 6457725.835163193}",2221735.771938658,6457656.984295445
1195,POINT (2221960.9100241424 6457819.954268532),Truck,0.8699791431427002,23,"{'x1': 36.84226608276367, 'y1': 133.0768585205078, 'x2': 23.248579025268555, 'y2': 47.64768600463867}","{'x': 0.046945971250534055, 'y': 0.14119105339050292}","{'minx': 2221865.6046212674, 'miny': 6457805.835163193, 'maxx': 2221965.6046212674, 'maxy': 6457905.835163193}",2221960.9100241424,6457819.954268532
926,POINT (2222299.456957674 6457765.638901787),Truck,0.867830216884613,20,"{'x1': 299.19622802734375, 'y1': 612.8739624023438, 'x2': 35.49386215209961, 'y2': 24.613893508911133}","{'x': 0.26147663593292236, 'y': 0.49803738594055175}","{'minx': 2222225.6046212674, 'miny': 6457715.835163193, 'maxx': 2222325.6046212674, 'maxy': 6457815.835163193}",2222299.456957674,6457765.638901787
1089,POINT (2221825.932384825 6457819.939255314),Truck,0.8675211668014526,22,"{'x1': 612.8502197265625, 'y1': 132.96847534179688, 'x2': 22.95442771911621, 'y2': 47.563907623291016}","{'x': 0.4967223644256592, 'y': 0.14104092121124268}","{'minx': 2221775.6046212674, 'miny': 6457805.835163193, 'maxx': 2221875.6046212674, 'maxy': 6457905.835163193}",2221825.932384825,6457819.939255314
582,POINT (2222013.315302229 6457633.653926449),Truck,0.867155909538269,10,"{'x1': 519.3596801757812, 'y1': 59.63679122924805, 'x2': 21.94359016418457, 'y2': 40.44337463378906}","{'x': 0.42289319038391116, 'y': 0.07818763256072998}","{'minx': 2221955.6046212674, 'miny': 6457625.835163193, 'maxx': 2222055.6046212674, 'maxy': 6457725.835163193}",2222013.315302229,6457633.653926449
872,POINT (2221920.607067442 6457724.458916979),Truck,0.8669905662536621,16,"{'x1': 535.2000732421875, 'y1': 79.6549301147461, 'x2': 40.768619537353516, 'y2': 30.729114532470703}","{'x': 0.44997553825378417, 'y': 0.08623753786087036}","{'minx': 2221865.6046212674, 'miny': 6457715.835163193, 'maxx': 2221965.6046212674, 'maxy': 6457815.835163193}",2221920.607067442,6457724.458916979
496,POINT (2221867.7588225366 6457657.10925539),Truck,0.8664301633834839,8,"{'x1': 72.17874145507812, 'y1': 352.83831787109375, 'x2': 28.24748420715332, 'y2': 47.47005081176758}","{'x': 0.0784579873085022, 'y': 0.31274092197418213}","{'minx': 2221775.6046212674, 'miny': 6457625.835163193, 'maxx': 2221875.6046212674, 'maxy': 6457725.835163193}",2221867.7588225366,6457657.10925539
1146,POINT (2221853.3986724378 6457825.098567801),Truck,0.8656356334686279,22,"{'x1': 262.2621765136719, 'y1': 198.6644744873047, 'x2': 21.973983764648438, 'y2': 47.907100677490234}","{'x': 0.2220594882965088, 'y': 0.19263404607772827}","{'minx': 2221775.6046212674, 'miny': 6457805.835163193, 'maxx': 2221875.6046212674, 'maxy': 6457905.835163193}",2221853.3986724378,6457825.098567801
1043,POINT (2221769.2778290273 6457846.332985954),Truck,0.8654195070266724,21,"{'x1': 173.83401489257812, 'y1': 478.3468322753906, 'x2': 35.14891815185547, 'y2': 40.02530288696289}","{'x': 0.16326792240142823, 'y': 0.40497822761535646}","{'minx': 2221685.6046212674, 'miny': 6457805.835163193, 'maxx': 2221785.6046212674, 'maxy': 6457905.835163193}",2221769.2778290273,6457846.332985954
895,POINT (2222191.803966856 6457759.874965744),Truck,0.8650595545768738,19,"{'x1': 518.5147705078125, 'y1': 538.8868408203125, 'x2': 42.13357925415039, 'y2': 24.822614669799805}","{'x': 0.4380065441131592, 'y': 0.4403980255126953}","{'minx': 2222135.6046212674, 'miny': 6457715.835163193, 'maxx': 2222235.6046212674, 'maxy': 6457815.835163193}",2222191.803966856,6457759.874965744
713,POINT (2222299.3435109616 6457630.6122054625),Truck,0.8643392324447632,13,"{'x1': 299.2809143066406, 'y1': 36.83190155029297, 'x2': 36.86130905151367, 'y2': 24.314241409301758}","{'x': 0.26261110305786134, 'y': 0.04777042269706726}","{'minx': 2222225.6046212674, 'miny': 6457625.835163193, 'maxx': 2222325.6046212674, 'maxy': 6457725.835163193}",2222299.3435109616,6457630.6122054625
392,POINT (2221774.005863762 6457653.317048149),Truck,0.863926887512207,7,"{'x1': 124.93968200683594, 'y1': 310.8137512207031, 'x2': 23.524415969848633, 'y2': 40.95439147949219}","{'x': 0.1159875750541687, 'y': 0.27481884956359864}","{'minx': 2221685.6046212674, 'miny': 6457625.835163193, 'maxx': 2221785.6046212674, 'maxy': 6457725.835163193}",2221774.005863762,6457653.317048149
108,POINT (2221928.944343424 6457542.857690649),Truck,0.8637953996658325,2,"{'x1': 428.9617614746094, 'y1': 50.00788116455078, 'x2': 40.28978729248047, 'y2': 39.88046646118164}","{'x': 0.3666027784347534, 'y': 0.0702252745628357}","{'minx': 2221865.6046212674, 'miny': 6457535.835163193, 'maxx': 2221965.6046212674, 'maxy': 6457635.835163193}",2221928.944343424,6457542.857690649
1263,POINT (2222126.1513055325 6457830.298325615),Truck,0.8632575273513794,25,"{'x1': 216.9862060546875, 'y1': 272.5069274902344, 'x2': 32.016239166259766, 'y2': 40.621559143066406}","{'x': 0.1945331573486328, 'y': 0.24463162422180176}","{'minx': 2222045.6046212674, 'miny': 6457805.835163193, 'maxx': 2222145.6046212674, 'maxy': 6457905.835163193}",2222126.1513055325,6457830.298325615
371,POINT (2221769.725569582 6457644.995551901),Truck,0.8626912832260132,7,"{'x1': 181.3917236328125, 'y1': 197.00741577148438, 'x2': 21.86013412475586, 'y2': 48.24555969238281}","{'x': 0.1587905168533325, 'y': 0.19160388708114623}","{'minx': 2221685.6046212674, 'miny': 6457625.835163193, 'maxx': 2221785.6046212674, 'maxy': 6457725.835163193}",2221769.725569582,6457644.995551901
405,POINT (2221746.289826727 6457666.574146347),Truck,0.8626547455787659,7,"{'x1': 468.0221252441406, 'y1': 475.3400573730469, 'x2': 35.207244873046875, 'y2': 46.11894989013672}","{'x': 0.39314794540405273, 'y': 0.40738983154296876}","{'minx': 2221685.6046212674, 'miny': 6457625.835163193, 'maxx': 2221785.6046212674, 'maxy': 6457725.835163193}",2221746.289826727,6457666.574146347
320,POINT (2222231.9534094096 6457555.27863224),Truck,0.8620272874832153,5,"{'x1': 24.155366897583008, 'y1': 205.20799255371094, 'x2': 22.58014488220215, 'y2': 43.66840744018555}","{'x': 0.03651211857795715, 'y': 0.19443469047546386}","{'minx': 2222135.6046212674, 'miny': 6457535.835163193, 'maxx': 2222235.6046212674, 'maxy': 6457635.835163193}",2222231.9534094096,6457555.27863224
1027,POINT (2221777.3252190114 6457840.965129929),Truck,0.861005425453186,21,"{'x1': 65.85179138183594, 'y1': 406.3290100097656, 'x2': 40.12456130981445, 'y2': 43.334564208984375}","{'x': 0.08279402256011963, 'y': 0.35129966735839846}","{'minx': 2221685.6046212674, 'miny': 6457805.835163193, 'maxx': 2221785.6046212674, 'maxy': 6457905.835163193}",2221777.3252190114,6457840.965129929
215,POINT (2222115.2346457005 6457579.575969772),Truck,0.8609656095504761,4,"{'x1': 367.1324768066406, 'y1': 515.4390258789062, 'x2': 21.60321044921875, 'y2': 44.44329071044922}","{'x': 0.30369975566864016, 'y': 0.4374080657958984}","{'minx': 2222045.6046212674, 'miny': 6457535.835163193, 'maxx': 2222145.6046212674, 'maxy': 6457635.835163193}",2222115.2346457005,6457579.575969772
192,POINT (2222096.8770564557 6457555.296467142),Truck,0.8607578277587891,4,"{'x1': 600.8773803710938, 'y1': 205.6424102783203, 'x2': 22.835460662841797, 'y2': 43.462276458740234}","{'x': 0.4872756481170654, 'y': 0.1946130394935608}","{'minx': 2222045.6046212674, 'miny': 6457535.835163193, 'maxx': 2222145.6046212674, 'maxy': 6457635.835163193}",2222096.8770564557,6457555.296467142
84,POINT (2221939.247783518 6457550.688228207),Truck,0.8589403033256531,2,"{'x1': 292.6479797363281, 'y1': 148.0400390625, 'x2': 44.71953582763672, 'y2': 42.079185485839844}","{'x': 0.263568377494812, 'y': 0.14853065013885497}","{'minx': 2221865.6046212674, 'miny': 6457535.835163193, 'maxx': 2221965.6046212674, 'maxy': 6457635.835163193}",2221939.247783518,6457550.688228207
324,POINT (2222228.0447484017 6457546.546194153),Truck,0.8571010828018188,5,"{'x1': 56.65277862548828, 'y1': 112.59213256835938, 'x2': 40.11359786987305, 'y2': 24.509057998657227}","{'x': 0.0755987286567688, 'y': 0.10711030960083008}","{'minx': 2222135.6046212674, 'miny': 6457535.835163193, 'maxx': 2222235.6046212674, 'maxy': 6457635.835163193}",2222228.0447484017,6457546.546194153
1182,POINT (2221945.61301837 6457837.185949879),Truck,0.8545528650283813,23,"{'x1': 235.1397247314453, 'y1': 363.53704833984375, 'x2': 20.752792358398438, 'y2': 37.753028869628906}","{'x': 0.19991602897644042, 'y': 0.31350786685943605}","{'minx': 2221865.6046212674, 'miny': 6457805.835163193, 'maxx': 2221965.6046212674, 'maxy': 6457905.835163193}",2221945.61301837,6457837.185949879
1107,POINT (2221825.754438734 6457830.642931061),Truck,0.8544827699661255,22,"{'x1': 612.2874755859375, 'y1': 265.2895202636719, 'x2': 25.794876098632812, 'y2': 52.24989318847656}","{'x': 0.4985018253326416, 'y': 0.2480776786804199}","{'minx': 2221775.6046212674, 'miny': 6457805.835163193, 'maxx': 2221875.6046212674, 'maxy': 6457905.835163193}",2221825.754438734,6457830.642931061
1260,POINT (2222121.554025507 6457817.11625536),Truck,0.8525465726852417,25,"{'x1': 279.8570251464844, 'y1': 103.73351287841797, 'x2': 27.9905948638916, 'y2': 40.664466857910156}","{'x': 0.24050595760345458, 'y': 0.11281092166900634}","{'minx': 2222045.6046212674, 'miny': 6457805.835163193, 'maxx': 2222145.6046212674, 'maxy': 6457905.835163193}",2222121.554025507,6457817.11625536
856,POINT (2221758.0814350606 6457742.428206997),Truck,0.851628303527832,14,"{'x1': 325.7297058105469, 'y1': 285.05999755859375, 'x2': 26.567089080810547, 'y2': 55.33097457885742}","{'x': 0.2752318620681763, 'y': 0.26593043804168703}","{'minx': 2221685.6046212674, 'miny': 6457715.835163193, 'maxx': 2221785.6046212674, 'maxy': 6457815.835163193}",2221758.0814350606,6457742.428206997
584,POINT (2222018.563777304 6457637.471646862),Truck,0.8508833646774292,10,"{'x1': 449.461181640625, 'y1': 108.17540740966797, 'x2': 24.661623001098633, 'y2': 40.771575927734375}","{'x': 0.3704084396362305, 'y': 0.11636483669281006}","{'minx': 2221955.6046212674, 'miny': 6457625.835163193, 'maxx': 2222055.6046212674, 'maxy': 6457725.835163193}",2222018.563777304,6457637.471646862
848,POINT (2221773.0775559903 6457755.561372833),Truck,0.850590169429779,14,"{'x1': 121.45685577392578, 'y1': 478.31103515625, 'x2': 38.88957214355469, 'y2': 30.18445587158203}","{'x': 0.12527065277099608, 'y': 0.3972620964050293}","{'minx': 2221685.6046212674, 'miny': 6457715.835163193, 'maxx': 2221785.6046212674, 'maxy': 6457815.835163193}",2221773.0775559903,6457755.561372833
996,POINT (2221734.517937994 6457840.9789486695),Truck,0.8505027294158936,21,"{'x1': 607.30078125, 'y1': 420.54547119140625, 'x2': 46.60879135131836, 'y2': 29.294984817504883}","{'x': 0.5108668327331543, 'y': 0.3514378547668457}","{'minx': 2221685.6046212674, 'miny': 6457805.835163193, 'maxx': 2221785.6046212674, 'maxy': 6457905.835163193}",2221734.517937994,6457840.9789486695
1122,POINT (2221869.5721084834 6457840.937456684),Truck,0.8470173478126526,22,"{'x1': 31.270715713500977, 'y1': 420.3749084472656, 'x2': 45.94544982910156, 'y2': 28.934457778930664}","{'x': 0.06032512784004211, 'y': 0.35102293491363523}","{'minx': 2221775.6046212674, 'miny': 6457805.835163193, 'maxx': 2221875.6046212674, 'maxy': 6457905.835163193}",2221869.5721084834,6457840.937456684
97,POINT (2221953.2892704965 6457578.3625050355),Truck,0.8468551635742188,2,"{'x1': 135.9353790283203, 'y1': 500.00738525390625, 'x2': 21.701114654541016, 'y2': 44.342620849609375}","{'x': 0.12315350770950317, 'y': 0.42527341842651367}","{'minx': 2221865.6046212674, 'miny': 6457535.835163193, 'maxx': 2221965.6046212674, 'maxy': 6457635.835163193}",2221953.2892704965,6457578.3625050355
482,POINT (2221866.3381076814 6457669.067346649),Truck,0.8433805108070374,8,"{'x1': 90.24127197265625, 'y1': 507.9541015625, 'x2': 28.370105743408203, 'y2': 45.41785430908203}","{'x': 0.09266513586044312, 'y': 0.432321834564209}","{'minx': 2221775.6046212674, 'miny': 6457625.835163193, 'maxx': 2221875.6046212674, 'maxy': 6457725.835163193}",2221866.3381076814,6457669.067346649
1046,POINT (2221766.031521654 6457850.844070511),Truck,0.842880129814148,21,"{'x1': 213.4151153564453, 'y1': 528.131591796875, 'x2': 37.12056350708008, 'y2': 47.982391357421875}","{'x': 0.19573099613189698, 'y': 0.4500890731811523}","{'minx': 2221685.6046212674, 'miny': 6457805.835163193, 'maxx': 2221785.6046212674, 'maxy': 6457905.835163193}",2221766.031521654,6457850.844070511
252,POINT (2222133.300366497 6457561.873049336),Truck,0.842863917350769,4,"{'x1': 117.97792053222656, 'y1': 297.43035888671875, 'x2': 39.516544342041016, 'y2': 35.854583740234375}","{'x': 0.1230425477027893, 'y': 0.26037886142730715}","{'minx': 2222045.6046212674, 'miny': 6457535.835163193, 'maxx': 2222145.6046212674, 'maxy': 6457635.835163193}",2222133.300366497,6457561.873049336
1265,POINT (2222130.938831663 6457838.431584435),Truck,0.8420984745025635,25,"{'x1': 154.4976043701172, 'y1': 377.1715393066406, 'x2': 33.22450256347656, 'y2': 40.062644958496094}","{'x': 0.14665789604187013, 'y': 0.32596421241760254}","{'minx': 2222045.6046212674, 'miny': 6457805.835163193, 'maxx': 2222145.6046212674, 'maxy': 6457905.835163193}",2222130.938831663,6457838.431584435
210,POINT (2222120.3268588544 6457572.629324989),Truck,0.8401293754577637,4,"{'x1': 301.1003112792969, 'y1': 428.1116943359375, 'x2': 22.455032348632812, 'y2': 42.85359191894531}","{'x': 0.252777624130249, 'y': 0.36794161796569824}","{'minx': 2222045.6046212674, 'miny': 6457535.835163193, 'maxx': 2222145.6046212674, 'maxy': 6457635.835163193}",2222120.3268588544,6457572.629324989
644,POINT (2222026.9834340573 6457655.563048916),Truck,0.8389180302619934,10,"{'x1': 324.9073791503906, 'y1': 342.7751770019531, 'x2': 41.44383239746094, 'y2': 37.74177169799805}","{'x': 0.2862118721008301, 'y': 0.2972788572311401}","{'minx': 2221955.6046212674, 'miny': 6457625.835163193, 'maxx': 2222055.6046212674, 'maxy': 6457725.835163193}",2222026.9834340573,6457655.563048916
1120,POINT (2221860.2839363576 6457838.902060585),Truck,0.8387857675552368,22,"{'x1': 148.8741455078125, 'y1': 398.3302001953125, 'x2': 47.23061752319336, 'y2': 24.92608642578125}","{'x': 0.15320684909820556, 'y': 0.3306689739227295}","{'minx': 2221775.6046212674, 'miny': 6457805.835163193, 'maxx': 2221875.6046212674, 'maxy': 6457905.835163193}",2221860.2839363576,6457838.902060585
246,POINT (2222139.3900383473 6457558.510667877),Truck,0.8385381698608398,4,"{'x1': 26.932891845703125, 'y1': 259.2425537109375, 'x2': 52.613765716552734, 'y2': 31.003894805908203}","{'x': 0.06214582920074463, 'y': 0.22675504684448242}","{'minx': 2222045.6046212674, 'miny': 6457535.835163193, 'maxx': 2222145.6046212674, 'maxy': 6457635.835163193}",2222139.3900383473,6457558.510667877
322,POINT (2222204.4404591084 6457539.733021455),Truck,0.8383175134658813,5,"{'x1': 352.6836853027344, 'y1': 24.449413299560547, 'x2': 46.21758270263672, 'y2': 25.443172454833984}","{'x': 0.31164162158966063, 'y': 0.038978582620620726}","{'minx': 2222135.6046212674, 'miny': 6457535.835163193, 'maxx': 2222235.6046212674, 'maxy': 6457635.835163193}",2222204.4404591084,6457539.733021455
224,POINT (2222139.9588585855 6457546.841640072),Truck,0.8374158143997192,4,"{'x1': 29.979446411132812, 'y1': 116.80127716064453, 'x2': 42.286312103271484, 'y2': 24.081634521484375}","{'x': 0.0564576268196106, 'y': 0.11006476879119872}","{'minx': 2222045.6046212674, 'miny': 6457535.835163193, 'maxx': 2222145.6046212674, 'maxy': 6457635.835163193}",2222139.9588585855,6457546.841640072
683,POINT (2222104.460679388 6457636.075633364),Truck,0.8360061049461365,11,"{'x1': 488.7821960449219, 'y1': 108.457763671875, 'x2': 37.86028289794922, 'y2': 22.62026023864746}","{'x': 0.4114394187927246, 'y': 0.10240470170974732}","{'minx': 2222045.6046212674, 'miny': 6457625.835163193, 'maxx': 2222145.6046212674, 'maxy': 6457725.835163193}",2222104.460679388,6457636.075633364
697,POINT (2222213.774851656 6457630.621840851),Truck,0.8323429822921753,12,"{'x1': 231.7053680419922, 'y1': 33.30366516113281, 'x2': 47.715694427490234, 'y2': 27.965808868408203}","{'x': 0.21829769611358643, 'y': 0.04786677658557892}","{'minx': 2222135.6046212674, 'miny': 6457625.835163193, 'maxx': 2222235.6046212674, 'maxy': 6457725.835163193}",2222213.774851656,6457630.621840851
882,POINT (2221926.7749989987 6457724.765172796),Truck,0.8312915563583374,16,"{'x1': 451.21380615234375, 'y1': 82.83544921875, 'x2': 45.80535125732422, 'y2': 31.468671798706055}","{'x': 0.38829622268676756, 'y': 0.08930009603500366}","{'minx': 2221865.6046212674, 'miny': 6457715.835163193, 'maxx': 2221965.6046212674, 'maxy': 6457815.835163193}",2221926.7749989987,6457724.765172796
238,POINT (2222140.677233434 6457552.776596146),Truck,0.8307143449783325,4,"{'x1': 22.308238983154297, 'y1': 192.7667999267578, 'x2': 40.762325286865234, 'y2': 24.08354949951172}","{'x': 0.04927387833595276, 'y': 0.16941432952880858}","{'minx': 2222045.6046212674, 'miny': 6457535.835163193, 'maxx': 2222145.6046212674, 'maxy': 6457635.835163193}",2222140.677233434,6457552.776596146
975,POINT (2221769.0184570313 6457818.632134991),Truck,0.8282335996627808,21,"{'x1': 161.47677612304688, 'y1': 132.13809204101562, 'x2': 50.82612228393555, 'y2': 31.66315460205078}","{'x': 0.16586164236068726, 'y': 0.12796971797943116}","{'minx': 2221685.6046212674, 'miny': 6457805.835163193, 'maxx': 2221785.6046212674, 'maxy': 6457905.835163193}",2221769.0184570313,6457818.632134991
29,POINT (2221867.5634861947 6457554.157635765),Truck,0.8271031975746155,1,"{'x1': 58.03472900390625, 'y1': 212.30335998535156, 'x2': 44.89179992675781, 'y2': 22.224288940429688}","{'x': 0.0804113507270813, 'y': 0.1832247257232666}","{'minx': 2221775.6046212674, 'miny': 6457535.835163193, 'maxx': 2221875.6046212674, 'maxy': 6457635.835163193}",2221867.5634861947,6457554.157635765
917,POINT (2222213.8572324277 6457765.671560364),Truck,0.822983980178833,19,"{'x1': 231.58621215820312, 'y1': 609.63818359375, 'x2': 46.78034973144531, 'y2': 28.267690658569336}","{'x': 0.2174738883972168, 'y': 0.4983639717102051}","{'minx': 2222135.6046212674, 'miny': 6457715.835163193, 'maxx': 2222235.6046212674, 'maxy': 6457815.835163193}",2222213.8572324277,6457765.671560364
1329,POINT (2221839.8561371327 6457900.84752162),Truck,0.8217315673828125,29,"{'x1': 415.0109558105469, 'y1': 42.352325439453125, 'x2': 42.569637298583984, 'y2': 21.805858612060547}","{'x': 0.35748484134674074, 'y': 0.05012358427047729}","{'minx': 2221775.6046212674, 'miny': 6457895.835163193, 'maxx': 2221875.6046212674, 'maxy': 6457995.835163193}",2221839.8561371327,6457900.84752162
852,POINT (2221771.5772951604 6457760.627309876),Truck,0.8212000131607056,14,"{'x1': 135.35147094726562, 'y1': 536.5367431640625, 'x2': 44.19830322265625, 'y2': 36.802730560302734}","{'x': 0.14027326107025145, 'y': 0.4479214668273926}","{'minx': 2221685.6046212674, 'miny': 6457715.835163193, 'maxx': 2221785.6046212674, 'maxy': 6457815.835163193}",2221771.5772951604,6457760.627309876
698,POINT (2222223.976849413 6457632.94553359),Truck,0.8191651105880737,12,"{'x1': 105.26187896728516, 'y1': 65.14459228515625, 'x2': 43.57360076904297, 'y2': 25.868146896362305}","{'x': 0.11627771854400634, 'y': 0.07110370397567749}","{'minx': 2222135.6046212674, 'miny': 6457625.835163193, 'maxx': 2222235.6046212674, 'maxy': 6457725.835163193}",2222223.976849413,6457632.94553359
955,POINT (2222283.1893075467 6457749.50851162),Truck,0.8177862167358398,20,"{'x1': 501.1893615722656, 'y1': 406.70947265625, 'x2': 41.7266731262207, 'y2': 24.309371948242188}","{'x': 0.42415313720703124, 'y': 0.3367334842681885}","{'minx': 2222225.6046212674, 'miny': 6457715.835163193, 'maxx': 2222325.6046212674, 'maxy': 6457815.835163193}",2222283.1893075467,6457749.50851162
804,POINT (2222292.902001238 6457656.860217648),Truck,0.8161100149154663,13,"{'x1': 373.77081298828125, 'y1': 372.9886779785156, 'x2': 44.822731018066406, 'y2': 24.132009506225586}","{'x': 0.32702620029449464, 'y': 0.3102505445480347}","{'minx': 2222225.6046212674, 'miny': 6457625.835163193, 'maxx': 2222325.6046212674, 'maxy': 6457725.835163193}",2222292.902001238,6457656.860217648
117,POINT (2221933.63323102 6457545.87859829),Truck,0.8137041330337524,2,"{'x1': 369.4181823730469, 'y1': 90.14661407470703, 'x2': 39.81561279296875, 'y2': 38.409358978271484}","{'x': 0.3197139024734497, 'y': 0.10043435096740723}","{'minx': 2221865.6046212674, 'miny': 6457535.835163193, 'maxx': 2221965.6046212674, 'maxy': 6457635.835163193}",2221933.63323102,6457545.87859829
916,POINT (2222204.3617833615 6457763.543760376),Truck,0.8091074228286743,19,"{'x1': 349.027587890625, 'y1': 581.7420043945312, 'x2': 50.88074493408203, 'y2': 28.92803955078125}","{'x': 0.3124283790588379, 'y': 0.4770859718322754}","{'minx': 2222135.6046212674, 'miny': 6457715.835163193, 'maxx': 2222235.6046212674, 'maxy': 6457815.835163193}",2222204.3617833615,6457763.543760376
823,POINT (2221773.2579828263 6457748.485674458),Truck,0.8089519739151001,14,"{'x1': 106.30654907226562, 'y1': 378.866455078125, 'x2': 51.73041915893555, 'y2': 39.060081481933594}","{'x': 0.12346638441085815, 'y': 0.32650511264801024}","{'minx': 2221685.6046212674, 'miny': 6457715.835163193, 'maxx': 2221785.6046212674, 'maxy': 6457815.835163193}",2221773.2579828263,6457748.485674458
813,POINT (2221781.4595154882 6457757.15170105),Truck,0.8087317943572998,14,"{'x1': 19.33411407470703, 'y1': 506.2771301269531, 'x2': 33.72323989868164, 'y2': 22.57455062866211}","{'x': 0.0414510577917099, 'y': 0.41316537857055663}","{'minx': 2221685.6046212674, 'miny': 6457715.835163193, 'maxx': 2221785.6046212674, 'maxy': 6457815.835163193}",2221781.4595154882,6457757.15170105
933,POINT (2222274.168454504 6457748.147344189),Truck,0.8078664541244507,20,"{'x1': 611.170166015625, 'y1': 381.95745849609375, 'x2': 47.21274948120117, 'y2': 31.638456344604492}","{'x': 0.5143616676330567, 'y': 0.32312180995941164}","{'minx': 2222225.6046212674, 'miny': 6457715.835163193, 'maxx': 2222325.6046212674, 'maxy': 6457815.835163193}",2222274.168454504,6457748.147344189
1279,POINT (2221828.6429227353 6457919.361612396),Truck,0.8037181496620178,29,"{'x1': 581.5079345703125, 'y1': 265.0385437011719, 'x2': 19.60177993774414, 'y2': 36.100006103515625}","{'x': 0.4696169853210449, 'y': 0.23526449203491212}","{'minx': 2221775.6046212674, 'miny': 6457895.835163193, 'maxx': 2221875.6046212674, 'maxy': 6457995.835163193}",2221828.6429227353,6457919.361612396
176,POINT (2222096.632405615 6457547.7413042355),Truck,0.803450345993042,4,"{'x1': 578.6275024414062, 'y1': 123.68670654296875, 'x2': 48.21683883666992, 'y2': 28.71189308166504}","{'x': 0.4897221565246582, 'y': 0.1190614104270935}","{'minx': 2222045.6046212674, 'miny': 6457535.835163193, 'maxx': 2222145.6046212674, 'maxy': 6457635.835163193}",2222096.632405615,6457547.7413042355
38,POINT (2221853.3455003262 6457556.367446976),Truck,0.802942156791687,1,"{'x1': 234.85098266601562, 'y1': 237.1602325439453, 'x2': 50.06575393676758, 'y2': 25.653003692626953}","{'x': 0.22259120941162108, 'y': 0.20532283782958985}","{'minx': 2221775.6046212674, 'miny': 6457535.835163193, 'maxx': 2221875.6046212674, 'maxy': 6457635.835163193}",2221853.3455003262,6457556.367446976
1210,POINT (2221955.1515401364 6457850.616185265),Truck,0.8028268218040466,23,"{'x1': 88.89431762695312, 'y1': 543.8974609375, 'x2': 44.905120849609375, 'y2': 29.299640655517578}","{'x': 0.10453081130981445, 'y': 0.4478102207183838}","{'minx': 2221865.6046212674, 'miny': 6457805.835163193, 'maxx': 2221965.6046212674, 'maxy': 6457905.835163193}",2221955.1515401364,6457850.616185265
774,POINT (2222291.7286814214 6457631.3536353875),Truck,0.8022376298904419,13,"{'x1': 395.2434387207031, 'y1': 42.60209655761719, 'x2': 38.368595123291016, 'y2': 28.034347534179688}","{'x': 0.33875939846038816, 'y': 0.05518472194671631}","{'minx': 2222225.6046212674, 'miny': 6457625.835163193, 'maxx': 2222325.6046212674, 'maxy': 6457725.835163193}",2222291.7286814214,6457631.3536353875
44,POINT (2221856.215926504 6457561.502508717),Truck,0.8016002178192139,1,"{'x1': 202.3413848876953, 'y1': 305.4678955078125, 'x2': 45.83391189575195, 'y2': 23.074127197265625}","{'x': 0.19388694763183595, 'y': 0.2566734552383423}","{'minx': 2221775.6046212674, 'miny': 6457535.835163193, 'maxx': 2221875.6046212674, 'maxy': 6457635.835163193}",2221856.215926504,6457561.502508717
217,POINT (2222121.0126722814 6457581.686846809),Truck,0.8015346527099609,4,"{'x1': 290.13946533203125, 'y1': 540.2210693359375, 'x2': 24.637483596801758, 'y2': 46.68046188354492}","{'x': 0.24591948986053466, 'y': 0.45851683616638184}","{'minx': 2222045.6046212674, 'miny': 6457535.835163193, 'maxx': 2222145.6046212674, 'maxy': 6457635.835163193}",2222121.0126722814,6457581.686846809
1132,POINT (2221857.240442133 6457816.667961674),Truck,0.7921857833862305,22,"{'x1': 191.28070068359375, 'y1': 115.93898010253906, 'x2': 43.78079605102539, 'y2': 22.720834732055664}","{'x': 0.18364179134368896, 'y': 0.10832798480987549}","{'minx': 2221775.6046212674, 'miny': 6457805.835163193, 'maxx': 2221875.6046212674, 'maxy': 6457905.835163193}",2221857.240442133,6457816.667961674
1193,POINT (2221947.02083478 6457818.830220299),Truck,0.7887850999832153,23,"{'x1': 213.47657775878906, 'y1': 120.35835266113281, 'x2': 24.395883560180664, 'y2': 45.97837448120117}","{'x': 0.18583786487579346, 'y': 0.12995057106018065}","{'minx': 2221865.6046212674, 'miny': 6457805.835163193, 'maxx': 2221965.6046212674, 'maxy': 6457905.835163193}",2221947.02083478,6457818.830220299
1081,POINT (2221826.1280120374 6457814.914030628),Truck,0.7871675491333008,22,"{'x1': 611.642333984375, 'y1': 70.07762145996094, 'x2': 21.658267974853516, 'y2': 46.13188171386719}","{'x': 0.494766092300415, 'y': 0.09078867435455322}","{'minx': 2221775.6046212674, 'miny': 6457805.835163193, 'maxx': 2221875.6046212674, 'maxy': 6457905.835163193}",2221826.1280120374,6457814.914030628
588,POINT (2222019.7682274343 6457643.920415239),Truck,0.7845328450202942,10,"{'x1': 422.7826843261719, 'y1': 187.59486389160156, 'x2': 35.92316436767578, 'y2': 43.8963623046875}","{'x': 0.358363938331604, 'y': 0.18085252046585082}","{'minx': 2221955.6046212674, 'miny': 6457625.835163193, 'maxx': 2222055.6046212674, 'maxy': 6457725.835163193}",2222019.7682274343,6457643.920415239
1183,POINT (2221961.8376816274 6457809.343958693),Truck,0.7844630479812622,23,"{'x1': 27.63631820678711, 'y1': 14.421096801757812, 'x2': 20.580507278442383, 'y2': 30.491487503051758}","{'x': 0.03766939640045166, 'y': 0.035087954998016355}","{'minx': 2221865.6046212674, 'miny': 6457805.835163193, 'maxx': 2221965.6046212674, 'maxy': 6457905.835163193}",2221961.8376816274,6457809.343958693
1190,POINT (2221961.0465807677 6457814.901899295),Truck,0.7824486494064331,23,"{'x1': 35.91461944580078, 'y1': 69.988525390625, 'x2': 22.428298950195312, 'y2': 46.065696716308594}","{'x': 0.04558040499687195, 'y': 0.09066736102104186}","{'minx': 2221865.6046212674, 'miny': 6457805.835163193, 'maxx': 2221965.6046212674, 'maxy': 6457905.835163193}",2221961.0465807677,6457814.901899295
792,POINT (2222306.9107128144 6457645.8010240365),Truck,0.7736053466796875,13,"{'x1': 208.85350036621094, 'y1': 219.70053100585938, 'x2': 30.428525924682617, 'y2': 35.862491607666016}","{'x': 0.1869390845298767, 'y': 0.19965860843658448}","{'minx': 2222225.6046212674, 'miny': 6457625.835163193, 'maxx': 2222325.6046212674, 'maxy': 6457725.835163193}",2222306.9107128144,6457645.8010240365
703,POINT (2222204.4665516377 6457674.861461716),Truck,0.7719703316688538,12,"{'x1': 352.9834289550781, 'y1': 600.4225463867188, 'x2': 45.5838737487793, 'y2': 27.11408805847168}","{'x': 0.3113806962966919, 'y': 0.4902629852294922}","{'minx': 2222135.6046212674, 'miny': 6457625.835163193, 'maxx': 2222235.6046212674, 'maxy': 6457725.835163193}",2222204.4665516377,6457674.861461716
790,POINT (2222300.9523881436 6457643.841657238),Truck,0.7719458341598511,13,"{'x1': 281.7546691894531, 'y1': 208.10211181640625, 'x2': 33.79389953613281, 'y2': 22.38101577758789}","{'x': 0.24652233123779296, 'y': 0.18006494045257568}","{'minx': 2222225.6046212674, 'miny': 6457625.835163193, 'maxx': 2222325.6046212674, 'maxy': 6457725.835163193}",2222300.9523881436,6457643.841657238
237,POINT (2222131.995878315 6457552.276908951),Truck,0.7687768340110779,4,"{'x1': 137.29495239257812, 'y1': 175.01805114746094, 'x2': 36.89695739746094, 'y2': 35.43629455566406}","{'x': 0.13608742952346803, 'y': 0.16441745758056642}","{'minx': 2222045.6046212674, 'miny': 6457535.835163193, 'maxx': 2222145.6046212674, 'maxy': 6457635.835163193}",2222131.995878315,6457552.276908951
1130,POINT (2221841.9420922757 6457815.372653799),Truck,0.7686811685562134,22,"{'x1': 384.3580627441406, 'y1': 99.35667419433594, 'x2': 46.52231216430664, 'y2': 22.723207473754883}","{'x': 0.3366252899169922, 'y': 0.09537490606307983}","{'minx': 2221775.6046212674, 'miny': 6457805.835163193, 'maxx': 2221875.6046212674, 'maxy': 6457905.835163193}",2221841.9420922757,6457815.372653799
207,POINT (2222134.817270136 6457568.847729759),Truck,0.7658004760742188,4,"{'x1': 98.78218078613281, 'y1': 388.7907409667969, 'x2': 39.2959098815918, 'y2': 33.77012252807617}","{'x': 0.10787351131439209, 'y': 0.33012566566467283}","{'minx': 2222045.6046212674, 'miny': 6457535.835163193, 'maxx': 2222145.6046212674, 'maxy': 6457635.835163193}",2222134.817270136,6457568.847729759
1339,POINT (2221845.7106936933 6457923.658279972),Truck,0.7580931186676025,29,"{'x1': 341.72808837890625, 'y1': 334.02008056640625, 'x2': 40.9141960144043, 'y2': 22.11581039428711}","{'x': 0.29893927574157714, 'y': 0.27823116779327395}","{'minx': 2221775.6046212674, 'miny': 6457895.835163193, 'maxx': 2221875.6046212674, 'maxy': 6457995.835163193}",2221845.7106936933,6457923.658279972
1055,POINT (2221746.691039896 6457848.9251776505),Truck,0.7513787746429443,21,"{'x1': 455.45672607421875, 'y1': 505.24237060546875, 'x2': 42.63710403442383, 'y2': 46.30982971191406}","{'x': 0.3891358137130737, 'y': 0.43090014457702636}","{'minx': 2221685.6046212674, 'miny': 6457805.835163193, 'maxx': 2221785.6046212674, 'maxy': 6457905.835163193}",2221746.691039896,6457848.9251776505
1233,POINT (2221952.88634429 6457856.95302208),Truck,0.7454726696014404,23,"{'x1': 117.97573852539062, 'y1': 625.2069091796875, 'x2': 44.818214416503906, 'y2': 29.10171127319336}","{'x': 0.12718276977539061, 'y': 0.5111785888671875}","{'minx': 2221865.6046212674, 'miny': 6457805.835163193, 'maxx': 2221965.6046212674, 'maxy': 6457905.835163193}",2221952.88634429,6457856.95302208
891,POINT (2221914.4036305905 6457730.771710472),Truck,0.7449504137039185,16,"{'x1': 623.0647583007812, 'y1': 160.77137756347656, 'x2': 32.30791091918945, 'y2': 30.416419982910156}","{'x': 0.5120099067687989, 'y': 0.1493654727935791}","{'minx': 2221865.6046212674, 'miny': 6457715.835163193, 'maxx': 2221965.6046212674, 'maxy': 6457815.835163193}",2221914.4036305905,6457730.771710472
404,POINT (2221734.889956808 6457663.619618015),Truck,0.7437106966972351,7,"{'x1': 630.6494140625, 'y1': 436.60394287109375, 'x2': 18.498275756835938, 'y2': 47.03707504272461}","{'x': 0.5071466445922852, 'y': 0.3778445482254028}","{'minx': 2221685.6046212674, 'miny': 6457625.835163193, 'maxx': 2221785.6046212674, 'maxy': 6457725.835163193}",2221734.889956808,6457663.619618015
276,POINT (2222118.709355688 6457565.50006588),Truck,0.7427918314933777,4,"{'x1': 315.5387878417969, 'y1': 323.9757080078125, 'x2': 28.720626831054688, 'y2': 55.735042572021484}","{'x': 0.2689526557922363, 'y': 0.29664902687072753}","{'minx': 2222045.6046212674, 'miny': 6457535.835163193, 'maxx': 2222145.6046212674, 'maxy': 6457635.835163193}",2222118.709355688,6457565.50006588
814,POINT (2221780.232291317 6457763.187949257),Truck,0.7398384213447571,14,"{'x1': 28.014488220214844, 'y1': 581.1744995117188, 'x2': 40.7513313293457, 'y2': 24.941160202026367}","{'x': 0.05372329950332642, 'y': 0.4735278606414795}","{'minx': 2221685.6046212674, 'miny': 6457715.835163193, 'maxx': 2221785.6046212674, 'maxy': 6457815.835163193}",2221780.232291317,6457763.187949257
959,POINT (2222291.426349974 6457764.1831513215),Truck,0.73511803150177,20,"{'x1': 397.653564453125, 'y1': 593.1843872070312, 'x2': 39.82829666137695, 'y2': 25.669864654541016}","{'x': 0.3417827129364014, 'y': 0.4834798812866211}","{'minx': 2222225.6046212674, 'miny': 6457715.835163193, 'maxx': 2222325.6046212674, 'maxy': 6457815.835163193}",2222291.426349974,6457764.1831513215
818,POINT (2221775.059423542 6457741.2161727715),Truck,0.7231621742248535,14,"{'x1': 92.89292907714844, 'y1': 292.56341552734375, 'x2': 42.08559799194336, 'y2': 32.313499450683594}","{'x': 0.10545197725296021, 'y': 0.25381009578704833}","{'minx': 2221685.6046212674, 'miny': 6457715.835163193, 'maxx': 2221785.6046212674, 'maxy': 6457815.835163193}",2221775.059423542,6457741.2161727715
376,POINT (2221739.418212271 6457646.959569054),Truck,0.7217167615890503,7,"{'x1': 559.2332153320312, 'y1': 222.60682678222656, 'x2': 31.95284080505371, 'y2': 47.785560607910156}","{'x': 0.4618640899658203, 'y': 0.2112440586090088}","{'minx': 2221685.6046212674, 'miny': 6457625.835163193, 'maxx': 2221785.6046212674, 'maxy': 6457725.835163193}",2221739.418212271,6457646.959569054
527,POINT (2221913.2636321546 6457644.12510355),Truck,0.716740608215332,9,"{'x1': 611.0220336914062, 'y1': 192.27418518066406, 'x2': 58.942649841308594, 'y2': 41.83704376220703}","{'x': 0.5234098911285401, 'y': 0.1828994035720825}","{'minx': 2221865.6046212674, 'miny': 6457625.835163193, 'maxx': 2221965.6046212674, 'maxy': 6457725.835163193}",2221913.2636321546,6457644.12510355
724,POINT (2222309.9270630837 6457630.7517214585),Truck,0.716277003288269,13,"{'x1': 177.35520935058594, 'y1': 21.69481086730957, 'x2': 23.31753158569336, 'y2': 41.23713302612305}","{'x': 0.15677558183670043, 'y': 0.04916558265686035}","{'minx': 2222225.6046212674, 'miny': 6457625.835163193, 'maxx': 2222325.6046212674, 'maxy': 6457725.835163193}",2222309.9270630837,6457630.7517214585
1299,POINT (2221857.5299752713 6457909.39605196),Truck,0.7154175639152527,29,"{'x1': 209.93551635742188, 'y1': 123.8854751586914, 'x2': 21.41994857788086, 'y2': 49.69390106201172}","{'x': 0.1807464599609375, 'y': 0.13560888767242432}","{'minx': 2221775.6046212674, 'miny': 6457895.835163193, 'maxx': 2221875.6046212674, 'maxy': 6457995.835163193}",2221857.5299752713,6457909.39605196
15,POINT (2221859.958212471 6457558.089663582),Truck,0.7129161357879639,1,"{'x1': 154.3287353515625, 'y1': 261.33563232421875, 'x2': 45.9453010559082, 'y2': 23.521987915039062}","{'x': 0.15646408796310424, 'y': 0.22254500389099122}","{'minx': 2221775.6046212674, 'miny': 6457535.835163193, 'maxx': 2221875.6046212674, 'maxy': 6457635.835163193}",2221859.958212471,6457558.089663582
896,POINT (2222196.6277421475 6457761.388499336),Truck,0.712348461151123,19,"{'x1': 456.0206298828125, 'y1': 557.0914306640625, 'x2': 42.8834342956543, 'y2': 25.991300582885742}","{'x': 0.3897687911987305, 'y': 0.4555333614349365}","{'minx': 2222135.6046212674, 'miny': 6457715.835163193, 'maxx': 2222235.6046212674, 'maxy': 6457815.835163193}",2222196.6277421475,6457761.388499336
940,POINT (2222309.991448021 6457765.770203667),Truck,0.6975792050361633,20,"{'x1': 177.1842041015625, 'y1': 597.4093017578125, 'x2': 22.664409637451172, 'y2': 41.759220123291016}","{'x': 0.15613173246383666, 'y': 0.49935040473937986}","{'minx': 2222225.6046212674, 'miny': 6457715.835163193, 'maxx': 2222325.6046212674, 'maxy': 6457815.835163193}",2222309.991448021,6457765.770203667
39,POINT (2221870.8866188885 6457559.547252255),Truck,0.6954204440116882,1,"{'x1': 20.133007049560547, 'y1': 275.27801513671875, 'x2': 40.257423400878906, 'y2': 28.236719131469727}","{'x': 0.04718002378940582, 'y': 0.2371208906173706}","{'minx': 2221775.6046212674, 'miny': 6457535.835163193, 'maxx': 2221875.6046212674, 'maxy': 6457635.835163193}",2221870.8866188885,6457559.547252255
867,POINT (2221934.777246809 6457724.44108923),Truck,0.6952775120735168,16,"{'x1': 351.6890563964844, 'y1': 77.08013916015625, 'x2': 42.901344299316406, 'y2': 33.07571029663086}","{'x': 0.3082737445831299, 'y': 0.08605926036834717}","{'minx': 2221865.6046212674, 'miny': 6457715.835163193, 'maxx': 2221965.6046212674, 'maxy': 6457815.835163193}",2221934.777246809,6457724.44108923
879,POINT (2221952.933453417 6457722.059530215),Truck,0.6562502384185791,16,"{'x1': 117.82695007324219, 'y1': 50.39616012573242, 'x2': 44.363990783691406, 'y2': 29.275739669799805}","{'x': 0.12671167850494386, 'y': 0.06224367022514343}","{'minx': 2221865.6046212674, 'miny': 6457715.835163193, 'maxx': 2221965.6046212674, 'maxy': 6457815.835163193}",2221952.933453417,6457722.059530215
1230,POINT (2221940.0488008023 6457848.742420273),Truck,0.6421913504600525,23,"{'x1': 288.12066650390625, 'y1': 505.413330078125, 'x2': 38.99382781982422, 'y2': 43.79955291748047}","{'x': 0.2555582046508789, 'y': 0.42907257080078126}","{'minx': 2221865.6046212674, 'miny': 6457805.835163193, 'maxx': 2221965.6046212674, 'maxy': 6457905.835163193}",2221940.0488008023,6457848.742420273
784,POINT (2222302.8034509183 6457638.622858124),Truck,0.6401025056838989,13,"{'x1': 261.569580078125, 'y1': 140.7688446044922, 'x2': 30.285400390625, 'y2': 22.913658142089844}","{'x': 0.22801170349121094, 'y': 0.12787694931030275}","{'minx': 2222225.6046212674, 'miny': 6457625.835163193, 'maxx': 2222325.6046212674, 'maxy': 6457725.835163193}",2222302.8034509183,6457638.622858124
1139,POINT (2221863.8790453435 6457820.208104448),Truck,0.6382488012313843,22,"{'x1': 110.97681427001953, 'y1': 161.3751220703125, 'x2': 39.110557556152344, 'y2': 22.598522186279297}","{'x': 0.11725575923919677, 'y': 0.14372941255569457}","{'minx': 2221775.6046212674, 'miny': 6457805.835163193, 'maxx': 2221875.6046212674, 'maxy': 6457905.835163193}",2221863.8790453435,6457820.208104448
1269,POINT (2222101.1737359525 6457846.170098381),Truck,0.6371356248855591,25,"{'x1': 544.13525390625, 'y1': 485.7689514160156, 'x2': 24.580093383789062, 'y2': 30.518245697021484}","{'x': 0.44430885314941404, 'y': 0.4033493518829346}","{'minx': 2222045.6046212674, 'miny': 6457805.835163193, 'maxx': 2222145.6046212674, 'maxy': 6457905.835163193}",2222101.1737359525,6457846.170098381
957,POINT (2222315.975762105 6457757.894846993),Truck,0.6182349920272827,20,"{'x1': 73.63472747802734, 'y1': 510.95355224609375, 'x2': 49.61466979980469, 'y2': 27.41042709350586}","{'x': 0.09628859162330627, 'y': 0.4205968379974365}","{'minx': 2222225.6046212674, 'miny': 6457715.835163193, 'maxx': 2222325.6046212674, 'maxy': 6457815.835163193}",2222315.975762105,6457757.894846993
798,POINT (2222305.154000616 6457651.152703362),Truck,0.5745452642440796,13,"{'x1': 226.0387420654297, 'y1': 285.36724853515625, 'x2': 35.72919845581055, 'y2': 38.697265625}","{'x': 0.20450620651245116, 'y': 0.2531754016876221}","{'minx': 2222225.6046212674, 'miny': 6457625.835163193, 'maxx': 2222325.6046212674, 'maxy': 6457725.835163193}",2222305.154000616,6457651.152703362
988,POINT (2221773.645726538 6457836.600272255),Truck,0.5539032220840454,21,"{'x1': 115.43340301513672, 'y1': 354.4803466796875, 'x2': 37.64044952392578, 'y2': 39.31303405761719}","{'x': 0.11958894729614258, 'y': 0.30765109062194823}","{'minx': 2221685.6046212674, 'miny': 6457805.835163193, 'maxx': 2221785.6046212674, 'maxy': 6457905.835163193}",2221773.645726538,6457836.600272255
680,POINT (2222095.0620997907 6457654.749843674),Truck,0.5433546900749207,11,"{'x1': 632.4864501953125, 'y1': 318.91986083984375, 'x2': 14.457818031311035, 'y2': 51.18803787231445}","{'x': 0.505425214767456, 'y': 0.28914680480957033}","{'minx': 2222045.6046212674, 'miny': 6457625.835163193, 'maxx': 2222145.6046212674, 'maxy': 6457725.835163193}",2222095.0620997907,6457654.749843674
1013,POINT (2221762.1634782315 6457823.4868021775),Truck,0.5387444496154785,21,"{'x1': 250.09080505371094, 'y1': 194.97811889648438, 'x2': 49.955833435058594, 'y2': 30.962865829467773}","{'x': 0.23441143035888673, 'y': 0.17651638984680176}","{'minx': 2221685.6046212674, 'miny': 6457805.835163193, 'maxx': 2221785.6046212674, 'maxy': 6457905.835163193}",2221762.1634782315,6457823.4868021775
1227,POINT (2221961.841139889 6457836.046039658),Truck,0.5372363924980164,23,"{'x1': 15.80195426940918, 'y1': 331.5852966308594, 'x2': 32.37060546875, 'y2': 55.113922119140625}","{'x': 0.03763481378555298, 'y': 0.3021087646484375}","{'minx': 2221865.6046212674, 'miny': 6457805.835163193, 'maxx': 2221965.6046212674, 'maxy': 6457905.835163193}",2221961.841139889,6457836.046039658
1128,POINT (2221850.7331646443 6457816.227068501),Truck,0.5371881723403931,22,"{'x1': 273.16082763671875, 'y1': 108.5400390625, 'x2': 45.19382095336914, 'y2': 24.476356506347656}","{'x': 0.24871456623077393, 'y': 0.10391905307769775}","{'minx': 2221775.6046212674, 'miny': 6457805.835163193, 'maxx': 2221875.6046212674, 'maxy': 6457905.835163193}",2221850.7331646443,6457816.227068501
893,POINT (2221921.0322297574 6457732.615925865),Truck,0.5227988362312317,16,"{'x1': 523.9907836914062, 'y1': 183.43162536621094, 'x2': 46.535823822021484, 'y2': 31.362131118774414}","{'x': 0.4457239151000977, 'y': 0.16780762672424315}","{'minx': 2221865.6046212674, 'miny': 6457715.835163193, 'maxx': 2221965.6046212674, 'maxy': 6457815.835163193}",2221921.0322297574,6457732.615925865
220,POINT (2222121.5622962476 6457586.771485405),Truck,0.5194381475448608,4,"{'x1': 279.57135009765625, 'y1': 600.5697021484375, 'x2': 28.17041778564453, 'y2': 51.415225982666016}","{'x': 0.24042325019836425, 'y': 0.5093632221221924}","{'minx': 2222045.6046212674, 'miny': 6457535.835163193, 'maxx': 2222145.6046212674, 'maxy': 6457635.835163193}",2222121.5622962476,6457586.771485405
765,POINT (2222308.1686986447 6457675.580460625),Truck,0.5117900967597961,13,"{'x1': 176.8223114013672, 'y1': 603.656494140625, 'x2': 46.35750198364258, 'y2': 33.083290100097656}","{'x': 0.17435922622680664, 'y': 0.497452974319458}","{'minx': 2222225.6046212674, 'miny': 6457625.835163193, 'maxx': 2222325.6046212674, 'maxy': 6457725.835163193}",2222308.1686986447,6457675.580460625
